Workbook

Sheet Methodology
A1: PHƯƠNG PHÁP TÍNH — tổng kết FU × phép toán × interface (1 layer DeepSeek CSA)
A3: Phạm vi | C3: 1 layer CSA của dataflow thực thể (vẽ lại từ deepseek-dataflow.xml); biến thể HCA khác ở cụm ④ (bỏ indexer) và KV đọc = 12 entry.
A4: Ví dụ số (theo file nguồn) | B4: B=1, n=11 | C4: d=4096, n_hc=4, n_h=64, c=512, d_c=1024, m=4, m'=128, d_ff=2048, 6/384 routed + 1 shared expert.
A5: Clock FU (GHz) | B5: 0.6 | C5: DSP48 @600 MHz (theo spec V4-Flash 2×U250).
A6: Ops/DSP/chu kỳ | B6: 4 | C6: 2 MAC packed × 2 op (nhân+cộng) → Peak GOPS = DSP × 4 × 0,6.
A7: BW DDR4 (GB/s) | B7: 65.3 | C7: 4 kênh DDR4, hiệu dụng (AMD DS962).
A8: BW RAB (GB/s) | B8: 86.4 | C8: RA-bus AXI4-Stream 1152b @600 MHz.
A9: BW WTB (GB/s) | B9: 172.8 | C9: WT-bus 2304b @600 MHz (mỗi SLR).
A10: BW KVB (GB/s) | B10: 172.8 | C10: KV-bus 2304b @600 MHz.
A11: BW PSA (GB/s) | B11: 86.4 | C11: PS-bus 1152b @600 MHz.
A12: Cửa sổ FU (ms) | C12: Bằng MAX( bytes weight ÷ BW DDR , GOP ÷ Peak GOPS ) — weight stream qua WTB không cache.
A13: GOPS đạt | C13: Bằng GOP ÷ cửa sổ. AI (FLOP/B) = GOP ÷ tổng bytes di chuyển (weight + act vào + ra).
A14: Ridge (FLOP/B) | C14: Bằng Peak GOPS ÷ BW nguồn chi phối. AI < ridge → memory-bound; AI ≥ ridge → compute-bound.
A15: Bytes | C15: Tính theo dtype trong file nguồn: BF16/FP16 = 2 B, FP8 = 1 B, FP4 = 0,5 B, FP32 = 4 B, INT32 = 4 B.
A16: Nguồn dữ liệu | C16: deepseek-dataflow.xml (phép toán, shape, dtype) + spec FU/bus DeepSeek_V4Flash_2xU250_Explorer (DSP, bus, BW). Số bytes/GOP là giá trị dẫn xuất, người dùng đổi ô XANH để cập nhật.
A17: Lưu ý B=1 | C17: n=11 token → AI theo weight của mọi GEMM = 2n = 22 FLOP/B: trừ ACU, toàn bộ GEMM lớn memory-bound. Tăng batch B để khấu hao weight.
A19: Ô XANH (chữ xanh/nền vàng) = tham số đầu vào chỉnh được; ô đen = công thức tự tính.

Sheet Ops_Detail
A1: STT | B1: Op | C1: Cụm | D1: FU | E1: Công thức (ký hiệu dataflow thực thể) | F1: Biến vào (act) | G1: Buffer vào 1 | H1: Bytes vào 1 | I1: Buffer vào 2 | J1: Bytes vào 2 | K1: Weight (stream WTB←DDR4) | L1: Bytes weight | M1: Biến ra | N1: Buffer ra 1 | O1: Bytes ra 1 | P1: Buffer ra 2 | Q1: Bytes ra 2 | R1: GOP
A2: 1 | B2: ①a | C2: ① | D2: mHCE | E2: x̃_i = RMSNorm(vec(X_i)) — (4,4096)→(1,16384) | F2: X_l (11,4,4096) BF16 | G2: RAB | H2: 368640 | J2: 0 | L2: 0 | M2: x̃ (11,16384) FP8 | N2: REG | O2: 180224 | Q2: 0 | R2: 0.0005
A3: 2 | B3: ①b | C3: ① | D3: mHCE | E3: ~A,~B,~C = x̃_i·W_φ — (1,4)(4,4)(4,1) | F3: x̃ | G3: REG | H3: 180224 | J3: 0 | K3: W_φ (16384×24) FP8 | L3: 393216 | M3: ~A,~B,~C FP32 | N3: REG | O3: 1056 | Q3: 0 | R3: 0.0086
A4: 3 | B4: ①c | C4: ① | D4: mHCE | E4: Sinkhorn(~B)→B (20 vòng) · σ(~A)→A · σ(~C)→C | F4: ~A,~B,~C | G4: REG | H4: 1056 | J4: 0 | L4: 0 | M4: A,B,C (dùng lại ⑦) | N4: REG | O4: 1056 | Q4: 0 | R4: 0
A5: 4 | B5: ①d | C5: ① | D5: mHCE | E5: x̂_i = A_l·X_i → X̂ (11,4096) | F5: A (REG) + X_l (đã nạp ①a) | G5: REG | H5: 1056 | J5: 0 | L5: 0 | M5: X̂ (11,4096) FP8 | N5: RAB | O5: 45056 | Q5: 0 | R5: 0.0004
A6: 5 | B6: ②a | C6: ② | D6: ACU | E6: C = X̂·W_KV (2 nhánh a‖b) | F6: X̂ | G6: RAB | H6: 45056 | J6: 0 | K6: W_KV a‖b 2×(4096,512) FP8 | L6: 4194304 | M6: C (11,512)×2 FP8 | N6: PSA | O6: 11264 | Q6: 0 | R6: 0.0923
A7: 6 | B7: ②b | C7: ② | D7: ACU | E7: Z = X̂·W_Z (2 nhánh a‖b) | F7: X̂ | G7: RAB | H7: 45056 | J7: 0 | K7: W_Z a‖b 2×(4096,512) FP8 | L7: 4194304 | M7: Z (11,512)×2 FP8 | N7: PSA | O7: 11264 | Q7: 0 | R7: 0.0923
A8: 7 | B8: ②c | C8: ② | D8: ACU | E8: S = Softmax_row(Z_khối m=4 + B) | F8: Z | G8: PSA | H8: 11264 | J8: 0 | K8: B bias (m,512)×2 FP16 | L8: 8192 | M8: S (11,512)×2 FP16 | N8: PSA | O8: 11264 | Q8: 0 | R8: 0.0001
A9: 8 | B9: ②d | C9: ② | D9: ACU | E9: C^Comp = Σ_m S⊙C (a+b) + SW 11 token (norm-at-write) | F9: C · S | G9: PSA | H9: 22528 | J9: 0 | L9: 0 | M9: C^Comp (3,512)+SW (11,512) FP8 | N9: KVB | O9: 7168 | Q9: 0 | R9: 0
A10: 9 | B10: ④a | C10: ④ | D10: LIU | E10: K^I = X̂·W_KV,idx, nén m=4 (a+b) (norm-at-write) | F10: X̂ | G10: RAB | H10: 45056 | J10: 0 | K10: W_KV,idx 2×(4096,128) FP4 | L10: 524288 | M10: K^IComp (3,128) BF16 | N10: KVB | O10: 768 | Q10: 0 | R10: 0.0231
A11: 10 | B11: ③a | C11: ③ | D11: LIU | E11: c_Q = RMSNorm(X̂·W_DQ) — (11,1024) | F11: X̂ | G11: RAB | H11: 45056 | J11: 0 | K11: W_DQ (4096,1024) FP8 | L11: 4194304 | M11: c_Q (11,1024) FP8 | N11: RAB | O11: 11264 | Q11: 0 | R11: 0.0923
A12: 11 | B12: ③b | C12: ③ | D12: QCAU | E12: q_raw = c_Q·W_UQ — (11,32768) | F12: c_Q | G12: RAB | H12: 11264 | J12: 0 | K12: W_UQ (1024,32768) FP8 | L12: 33554432 | M12: q_raw (11,32768) FP8 | N12: PSA | O12: 360448 | Q12: 0 | R12: 0.7385
A13: 12 | B13: ③c | C13: ③ | D13: QCAU | E13: q = RoPE₆₄(RMSNorm(reshape(11,64,512))) | F13: q_raw | G13: PSA | H13: 360448 | J13: 0 | L13: 0 | M13: q (11,64,512) BF16 | N13: RAB | O13: 720896 | Q13: 0 | R13: 0.0029
A14: 13 | B14: ④b | C14: ④ | D14: LIU | E14: q_I = c_Q·W_UQ,idx → reshape → ×H(128,128) | F14: c_Q | G14: RAB | H14: 11264 | J14: 0 | K14: W_UQ,idx (1024,8192) FP4 + H | L14: 4210688 | M14: q_I′ (11,64,128) FP8 | N14: PSA | O14: 92160 | Q14: 0 | R14: 0.2076
A15: 14 | B15: ④c | C15: ④ | D15: LIU | E15: w_h = a(X̂·W_w) — (11,64) | F15: X̂ | G15: RAB | H15: 45056 | J15: 0 | K15: W_w (4096,64) FP8 | L15: 262144 | M15: w_h (11,64) FP16 | N15: PSA | O15: 1408 | Q15: 0 | R15: 0.0058
A16: 15 | B16: ④d | C16: ④ | D16: LIU | E16: raw_score = q_I′·K^{I,T} → ReLU — (11,64,3) | F16: q_I′ | G16: PSA | H16: 92160 | I16: KVB | J16: 768 | L16: 0 | M16: raw_score′ (11,64,3) FP16 | N16: PSA | O16: 4224 | Q16: 0 | R16: 0.0005
A17: 16 | B17: ④e | C17: ④ | D17: LIU | E17: score = Σ_h w_h ⊙ raw_score′ — (11,3) | F17: raw_score′ · w_h | G17: PSA | H17: 5632 | J17: 0 | L17: 0 | M17: score (11,3) FP16 | N17: PSA | O17: 66 | Q17: 0 | R17: 0
A18: 17 | B18: ④f | C18: ④ | D18: LIU | E18: top-k → idx_top · descriptor → mSGDMA-KV | F18: score | G18: PSA | H18: 66 | J18: 0 | L18: 0 | M18: idx_top (11,k) INT32 + desc 256b | N18: PSA | O18: 132 | P18: DMA | Q18: 32 | R18: 0
A19: 18 | B19: ④g | C19: ④ | D19: mSGDMA-KV | E19: gather kv_topk theo idx_top: DDR4 → KVB | F19: idx_top | G19: PSA | H19: 132 | I19: DDR4 | J19: 6912 | L19: 0 | M19: kv_topk (k entry × 576 B) | N19: KVB | O19: 6912 | Q19: 0 | R19: 0
A20: 19 | B20: ⑤a | C20: ⑤ | D20: QCAU | E20: K_e = RoPE₆₄(entry) — kv_topk + SW = 14 entry | F20: kv_topk+SW | G20: KVB | H20: 8064 | J20: 0 | L20: 0 | M20: K,V entry (14,512) | N20: KVB | O20: 8064 | Q20: 0 | R20: 0.0001
A21: 20 | B21: ⑤b | C21: ⑤ | D21: QCAU | E21: score_tile = α·q·K_tileᵀ (KV_tile=64, α≈0,01105) | F21: q · K | G21: RAB | H21: 720896 | I21: KVB | J21: 8064 | L21: 0 | M21: score_tile (11,64,14) FP16 | N21: PSA | O21: 19712 | Q21: 0 | R21: 0.0101
A22: 21 | B22: ⑤c | C22: ⑤ | D22: QCAU | E22: m_run = max · ℓ += Σe^{s−m} + e^{sink−m} | F22: score_tile | G22: PSA | H22: 19712 | J22: 0 | K22: sink (64,) FP32 | L22: 256 | M22: m_run, ℓ (11,64) FP32 | N22: PSA | O22: 5632 | Q22: 0 | R22: 0.0001
A23: 22 | B23: ⑤d | C23: ⑤ | D23: QCAU | E23: acc_V += e^{s−m}·V — lặp 'Repeat?' hết entry | F23: score_tile · V | G23: PSA | H23: 19712 | I23: KVB | J23: 8064 | L23: 0 | M23: acc_V (11,64,512) FP32 | N23: PSA | O23: 1441792 | Q23: 0 | R23: 0.0101
A24: 23 | B24: ⑤e | C24: ⑤ | D24: QCAU | E24: out = acc_V/ℓ → RoPE⁻¹ → reshape (11,32768) | F24: acc_V, ℓ | G24: PSA | H24: 1447424 | J24: 0 | L24: 0 | M24: o (11,32768) BF16 | N24: RAB | O24: 720896 | Q24: 0 | R24: 0.0011
A25: 24 | B25: ⑥a | C25: ⑥ | D25: GOPU | E25: o_g′ = o_g·W_OG_g — 8 nhóm (4096→1024) | F25: o | G25: RAB | H25: 720896 | J25: 0 | K25: W_OG ×8 (4096,1024) FP8 | L25: 33554432 | M25: o^G (11,8192) FP8 | N25: PSA | O25: 90112 | Q25: 0 | R25: 0.7385
A26: 25 | B26: ⑥b | C26: ⑥ | D26: GOPU | E26: out_attn = o^G·W_O — (8192→4096) | F26: o^G | G26: PSA | H26: 90112 | J26: 0 | K26: W_O (8192,4096) FP8 | L26: 33554432 | M26: out_attn (11,1,4096) BF16 | N26: RAB | O26: 90112 | Q26: 0 | R26: 0.7385
A27: 26 | B27: ⑦ | C27: ⑦ | D27: mHCE | E27: X′_i = B_l·X_i + C_l·out_attn_i | F27: X_l · out_attn | G27: RAB | H27: 458752 | J27: 0 | L27: 0 | M27: X′ (11,4,4096) BF16 | N27: RAB | O27: 368640 | Q27: 0 | R27: 0.0018
A28: 27 | B28: ⑧a | C28: ⑧ | D28: mHCE | E28: x̃′ → ~A′,~B′,~C′ → Sinkhorn → A′,B′,C′ | F28: X′ | G28: RAB | H28: 368640 | J28: 0 | K28: W′_φ FP8 | L28: 393216 | M28: A′,B′,C′ (dùng lại ⑩) | N28: REG | O28: 1056 | Q28: 0 | R28: 0.0092
A29: 28 | B29: ⑧b | C29: ⑧ | D29: mHCE | E29: x̂′_i = A′_l·X′_i → x̂′ (11,4096) | F29: A′ (REG) | G29: REG | H29: 1056 | J29: 0 | L29: 0 | M29: x̂′ (11,4096) FP8 | N29: RAB | O29: 45056 | Q29: 0 | R29: 0.0004
A30: 29 | B30: ⑨r | C30: ⑨ | D30: MRU | E30: S_t = hash(TokenID mod 64) → 6/384 routed + gate | F30: TokenID (11,) | G30: REG | H30: 44 | J30: 0 | L30: 0 | M30: S (11,6) + gate FP16 | N30: PSA | O30: 200 | Q30: 0 | R30: 0
A31: 30 | B31: ⑨a | C31: ⑨ | D31: ECA | E31: x_gate = x̂′·W_G — vòng (6+1) expert | F31: x̂′ ×7 lượt | G31: RAB | H31: 315392 | J31: 0 | K31: W_G ×7 (4096,2048) FP4 | L31: 29360128 | M31: x_gate (11,2048)×7 FP16 | N31: PSA | O31: 315392 | Q31: 0 | R31: 1.2918
A32: 31 | B32: ⑨b | C32: ⑨ | D32: ECA | E32: x_up = x̂′·W_V — vòng (6+1) expert | F32: x̂′ ×7 lượt | G32: RAB | H32: 315392 | J32: 0 | K32: W_V ×7 (4096,2048) FP4 | L32: 29360128 | M32: x_up (11,2048)×7 FP16 | N32: PSA | O32: 315392 | Q32: 0 | R32: 1.2918
A33: 32 | B33: ⑨c | C33: ⑨ | D33: ECA | E33: h = Swish(x_gate) ⊙ x_up — vector unit | F33: x_gate · x_up | G33: PSA | H33: 630784 | J33: 0 | L33: 0 | M33: h (11,2048)×7 FP16 | N33: RAB | O33: 315392 | Q33: 0 | R33: 0.0005
A34: 33 | B34: ⑨d | C34: ⑨ | D34: ECA | E34: y_e = h·W_down — vòng (6+1) expert | F34: h ×7 | G34: RAB | H34: 315392 | J34: 0 | K34: W_down ×7 (2048,4096) FP4 | L34: 29360128 | M34: y_e (11,4096)×7 BF16 | N34: PSA | O34: 630784 | Q34: 0 | R34: 1.2918
A35: 34 | B35: ⑨e | C35: ⑨ | D35: ECA | E35: out_moe = Σ_e gate_e·y_e + x_SharedExpert | F35: y_e · S,gate | G35: PSA | H35: 630984 | J35: 0 | L35: 0 | M35: out_moe (11,4096) BF16 | N35: RAB | O35: 90112 | Q35: 0 | R35: 0.0006
A36: 35 | B36: ⑩ | C36: ⑩ | D36: mHCE | E36: X_{l+1,i} = B′_l·X′_i + C′_l·out_moe_i | F36: X′ · out_moe | G36: RAB | H36: 458752 | J36: 0 | L36: 0 | M36: X_{l+1} (11,4,4096) BF16 | N36: RAB | O36: 368640 | Q36: 0 | R36: 0.0018
A37: 36 | B37: — | C37: W | D37: mSGDMA-WT | E37: Stream toàn bộ weight layer: DDR4 → WTB (EWD prefetch +1 op) | F37: — | G37: DDR4 | H37: 0 | J37: 0 | K37: Σ weight layer (=SUM cột L) | L37: =SUM(L2:L36) -> 207118592 | M37: → WTB (tile 4 MB ping-pong) | N37: WTB | O37: =L37 -> 207118592 | Q37: 0 | R37: 0
A39: Bytes theo dtype file nguồn (BF16=2B, FP8=1B, FP4=0,5B, FP32=4B). GOP = 2·M·N·K cho GEMM (đã gồm số nhánh/nhóm/expert). Ô xanh = giá trị dẫn xuất từ dataflow thực thể — nguồn: deepseek-dataflow.xml.

Sheet FU_Summary
A1: FU | B1: Các phép toán thực hiện (cụm · thực thể) | C1: MAC (DSP) | D1: Peak GOPS | E1: GOP /layer | F1: Bytes weight /layer | G1: Bytes act vào /layer | H1: Bytes ra /layer | I1: Tổng bytes /layer | J1: AI (FLOP/B) | K1: Ridge DDR (FLOP/B) | L1: Cửa sổ (ms) | M1: GOPS đạt | N1: Kết luận | O1: Interface sử dụng
A2: mHCE | B2: ① vec+RMSNorm · sinh ~A~B~C · Sinkhorn · trộn A·X — ⑦ mix attn — ⑧ post-mHC — ⑩ mix MoE | C2: 64 | D2: =C2*Methodology!$B$6*Methodology!$B$5 -> 153.6 | E2: =SUMIFS(Ops_Detail!R:R,Ops_Detail!D:D,A2) -> 0.0227 | F2: =SUMIFS(Ops_Detail!L:L,Ops_Detail!D:D,A2) -> 786432 | G2: =SUMIFS(Ops_Detail!H:H,Ops_Detail!D:D,A2)+SUMIFS(Ops_Detail!J:J,Ops_Detail!D:D,A2) -> 1838176 | H2: =SUMIFS(Ops_Detail!O:O,Ops_Detail!D:D,A2)+SUMIFS(Ops_Detail!Q:Q,Ops_Detail!D:D,A2) -> 1010784 | I2: =F2+G2+H2 -> 3635392 | J2: =IF(I2>0,E2*1000000000/I2,0) -> 6.2441684 | K2: =D2/Methodology!$B$7 -> 2.3522205 | L2: =MAX(F2/(Methodology!$B$7*1000000),IF(D2>0,E2/D2*1000,0)) -> 0.14778646 | M2: =IF(L2>0,E2/L2*1000,0) -> 153.6 | N2: =IF(F2=0,"RAB-bound (on-chip)",IF(J2<K2,"memory-bound (DDR)","compute-bound")) -> compute-bound | O2: RAB (R/W activation) · WTB (W_φ) · REG (A,B,C)
A3: ACU | B3: ②a C=X̂·W_KV · ②b Z=X̂·W_Z · ②c Softmax m=4 · ②d nén ΣS⊙C + SW → KVB | C3: 512 | D3: =C3*Methodology!$B$6*Methodology!$B$5 -> 1228.8 | E3: =SUMIFS(Ops_Detail!R:R,Ops_Detail!D:D,A3) -> 0.1847 | F3: =SUMIFS(Ops_Detail!L:L,Ops_Detail!D:D,A3) -> 8396800 | G3: =SUMIFS(Ops_Detail!H:H,Ops_Detail!D:D,A3)+SUMIFS(Ops_Detail!J:J,Ops_Detail!D:D,A3) -> 123904 | H3: =SUMIFS(Ops_Detail!O:O,Ops_Detail!D:D,A3)+SUMIFS(Ops_Detail!Q:Q,Ops_Detail!D:D,A3) -> 40960 | I3: =F3+G3+H3 -> 8561664 | J3: =IF(I3>0,E3*1000000000/I3,0) -> 21.572909 | K3: =D3/Methodology!$B$7 -> 18.817764 | L3: =MAX(F3/(Methodology!$B$7*1000000),IF(D3>0,E3/D3*1000,0)) -> 0.15030924 | M3: =IF(L3>0,E3/L3*1000,0) -> 1228.8 | N3: =IF(F3=0,"RAB-bound (on-chip)",IF(J3<K3,"memory-bound (DDR)","compute-bound")) -> compute-bound | O3: RAB (R X̂) · WTB (W_KV,W_Z) · PSA (C,Z,S) · KVB (W C^Comp+SW)
A4: LIU | B4: ③a c_Q — ④a K^I · ④b q_I·H · ④c w_h · ④d raw_score+ReLU · ④e Σw_h⊙ · ④f top-k+desc | C4: 768 | D4: =C4*Methodology!$B$6*Methodology!$B$5 -> 1843.2 | E4: =SUMIFS(Ops_Detail!R:R,Ops_Detail!D:D,A4) -> 0.3293 | F4: =SUMIFS(Ops_Detail!L:L,Ops_Detail!D:D,A4) -> 9191424 | G4: =SUMIFS(Ops_Detail!H:H,Ops_Detail!D:D,A4)+SUMIFS(Ops_Detail!J:J,Ops_Detail!D:D,A4) -> 245058 | H4: =SUMIFS(Ops_Detail!O:O,Ops_Detail!D:D,A4)+SUMIFS(Ops_Detail!Q:Q,Ops_Detail!D:D,A4) -> 110054 | I4: =F4+G4+H4 -> 9546536 | J4: =IF(I4>0,E4*1000000000/I4,0) -> 34.494187 | K4: =D4/Methodology!$B$7 -> 28.226646 | L4: =MAX(F4/(Methodology!$B$7*1000000),IF(D4>0,E4/D4*1000,0)) -> 0.17865668 | M4: =IF(L4>0,E4/L4*1000,0) -> 1843.2 | N4: =IF(F4=0,"RAB-bound (on-chip)",IF(J4<K4,"memory-bound (DDR)","compute-bound")) -> compute-bound | O4: RAB (R X̂,c_Q · W c_Q) · WTB · KVB (R/W K^I) · PSA (idx, scratch) · desc→DMA
A5: QCAU | B5: ③b q_raw=c_Q·W_UQ · ③c RMSNorm+RoPE — ⑤a norm entry · ⑤b QK · ⑤c max/ℓ · ⑤d acc_V · ⑤e chia+RoPE⁻¹ | C5: 3584 | D5: =C5*Methodology!$B$6*Methodology!$B$5 -> 8601.6 | E5: =SUMIFS(Ops_Detail!R:R,Ops_Detail!D:D,A5) -> 0.7629 | F5: =SUMIFS(Ops_Detail!L:L,Ops_Detail!D:D,A5) -> 33554688 | G5: =SUMIFS(Ops_Detail!H:H,Ops_Detail!D:D,A5)+SUMIFS(Ops_Detail!J:J,Ops_Detail!D:D,A5) -> 2603648 | H5: =SUMIFS(Ops_Detail!O:O,Ops_Detail!D:D,A5)+SUMIFS(Ops_Detail!Q:Q,Ops_Detail!D:D,A5) -> 3277440 | I5: =F5+G5+H5 -> 39435776 | J5: =IF(I5>0,E5*1000000000/I5,0) -> 19.345378 | K5: =D5/Methodology!$B$7 -> 131.72435 | L5: =MAX(F5/(Methodology!$B$7*1000000),IF(D5>0,E5/D5*1000,0)) -> 0.51385433 | M5: =IF(L5>0,E5/L5*1000,0) -> 1484.662 | N5: =IF(F5=0,"RAB-bound (on-chip)",IF(J5<K5,"memory-bound (DDR)","compute-bound")) -> memory-bound (DDR) | O5: RAB (R c_Q,q · W q,o) · WTB (W_UQ) · KVB (R kv_topk+SW) · PSA (score, acc_V)
A6: GOPU | B6: ⑥a 8 nhóm o_g·W_OG · ⑥b out_attn=o^G·W_O | C6: 2816 | D6: =C6*Methodology!$B$6*Methodology!$B$5 -> 6758.4 | E6: =SUMIFS(Ops_Detail!R:R,Ops_Detail!D:D,A6) -> 1.477 | F6: =SUMIFS(Ops_Detail!L:L,Ops_Detail!D:D,A6) -> 67108864 | G6: =SUMIFS(Ops_Detail!H:H,Ops_Detail!D:D,A6)+SUMIFS(Ops_Detail!J:J,Ops_Detail!D:D,A6) -> 811008 | H6: =SUMIFS(Ops_Detail!O:O,Ops_Detail!D:D,A6)+SUMIFS(Ops_Detail!Q:Q,Ops_Detail!D:D,A6) -> 180224 | I6: =F6+G6+H6 -> 68100096 | J6: =IF(I6>0,E6*1000000000/I6,0) -> 21.688663 | K6: =D6/Methodology!$B$7 -> 103.4977 | L6: =MAX(F6/(Methodology!$B$7*1000000),IF(D6>0,E6/D6*1000,0)) -> 1.0277008 | M6: =IF(L6>0,E6/L6*1000,0) -> 1437.1887 | N6: =IF(F6=0,"RAB-bound (on-chip)",IF(J6<K6,"memory-bound (DDR)","compute-bound")) -> memory-bound (DDR) | O6: RAB (R o · W out_attn) · WTB (W_OG,W_O) · PSA (o^G)
A7: MRU | B7: ⑨r hash router TokenID mod 64 → S + gate | C7: 128 | D7: =C7*Methodology!$B$6*Methodology!$B$5 -> 307.2 | E7: =SUMIFS(Ops_Detail!R:R,Ops_Detail!D:D,A7) -> 0 | F7: =SUMIFS(Ops_Detail!L:L,Ops_Detail!D:D,A7) -> 0 | G7: =SUMIFS(Ops_Detail!H:H,Ops_Detail!D:D,A7)+SUMIFS(Ops_Detail!J:J,Ops_Detail!D:D,A7) -> 44 | H7: =SUMIFS(Ops_Detail!O:O,Ops_Detail!D:D,A7)+SUMIFS(Ops_Detail!Q:Q,Ops_Detail!D:D,A7) -> 200 | I7: =F7+G7+H7 -> 244 | J7: =IF(I7>0,E7*1000000000/I7,0) -> 0 | K7: =D7/Methodology!$B$7 -> 4.704441 | L7: =MAX(F7/(Methodology!$B$7*1000000),IF(D7>0,E7/D7*1000,0)) -> 0 | M7: =IF(L7>0,E7/L7*1000,0) -> 0 | N7: =IF(F7=0,"RAB-bound (on-chip)",IF(J7<K7,"memory-bound (DDR)","compute-bound")) -> RAB-bound (on-chip) | O7: REG (TokenID) · PSA (W S+gate)
A8: ECA | B8: ⑨a x_gate · ⑨b x_up · ⑨c Swish⊙ · ⑨d W_down · ⑨e Σgate·y+shared — vòng (6+1) expert | C8: 4096 | D8: =C8*Methodology!$B$6*Methodology!$B$5 -> 9830.4 | E8: =SUMIFS(Ops_Detail!R:R,Ops_Detail!D:D,A8) -> 3.8765 | F8: =SUMIFS(Ops_Detail!L:L,Ops_Detail!D:D,A8) -> 88080384 | G8: =SUMIFS(Ops_Detail!H:H,Ops_Detail!D:D,A8)+SUMIFS(Ops_Detail!J:J,Ops_Detail!D:D,A8) -> 2207944 | H8: =SUMIFS(Ops_Detail!O:O,Ops_Detail!D:D,A8)+SUMIFS(Ops_Detail!Q:Q,Ops_Detail!D:D,A8) -> 1667072 | I8: =F8+G8+H8 -> 91955400 | J8: =IF(I8>0,E8*1000000000/I8,0) -> 42.156306 | K8: =D8/Methodology!$B$7 -> 150.54211 | L8: =MAX(F8/(Methodology!$B$7*1000000),IF(D8>0,E8/D8*1000,0)) -> 1.3488573 | M8: =IF(L8>0,E8/L8*1000,0) -> 2873.914 | N8: =IF(F8=0,"RAB-bound (on-chip)",IF(J8<K8,"memory-bound (DDR)","compute-bound")) -> memory-bound (DDR) | O8: RAB (R x̂′,h · W h,out_moe) · WTB (expert FP4) · PSA (x_gate,x_up,y_e,gate)
A9: TỔNG | E9: =SUM(E2:E8) -> 6.6531 | F9: =SUM(F2:F8) -> 207118592 | L9: =SUM(L2:L8) -> 3.3671649 | N9: ≈ chu kỳ layer nếu chạy tuần tự; chồng lấn pipeline rút ngắn thêm
A11: Peak GOPS = DSP × ops/DSP/cyc × clock (Methodology). Cửa sổ = MAX(weight/BW DDR, GOP/Peak). AI = GOP ÷ tổng bytes. Kết luận so AI với Ridge DDR (chỉ áp dụng khi có weight stream; FU không chạm DDR ghi 'RAB-bound').

Sheet Interfaces
A1: STT | B1: Interface | C1: Master | D1: Slave | E1: Chiều | F1: Biến truyền (từ Ops_Detail) | G1: Bytes /layer | H1: Cửa sổ (ms) | I1: BW yêu cầu (GB/s) | J1: Port đề xuất | K1: Port BW (GB/s) | L1: Util | M1: Ghi chú
A2: 1 | B2: RA-mHCE-R | C2: RAB | D2: mHCE | E2: đọc | F2: X_l · out_attn · X′ · out_moe | G2: =SUMIFS(Ops_Detail!H:H,Ops_Detail!D:D,"mHCE",Ops_Detail!G:G,"RAB")+SUMIFS(Ops_Detail!J:J,Ops_Detail!D:D,"mHCE",Ops_Detail!I:I,"RAB") -> 1654784 | H2: =INDEX(FU_Summary!$L$2:$L$8,MATCH("mHCE",FU_Summary!$A$2:$A$8,0)) -> 0.14778646 | I2: =IF(H2>0,G2/H2/1000000,0) -> 11.197129 | J2: AXI4-Stream 1152b @600 MHz | K2: 86.4 | L2: =IF(K2>0,I2/K2,0) -> 0.1295964 | M2: Đọc residual 4 dòng, 2 lượt mix cần X + out cùng lúc → 2 luồng xen kẽ trên 1 port
A3: 2 | B3: RA-mHCE-W | C3: mHCE | D3: RAB | E3: ghi | F3: X̂ · X′ · x̂′ · X_{l+1} | G3: =SUMIFS(Ops_Detail!O:O,Ops_Detail!D:D,"mHCE",Ops_Detail!N:N,"RAB")+SUMIFS(Ops_Detail!Q:Q,Ops_Detail!D:D,"mHCE",Ops_Detail!P:P,"RAB") -> 827392 | H3: =INDEX(FU_Summary!$L$2:$L$8,MATCH("mHCE",FU_Summary!$A$2:$A$8,0)) -> 0.14778646 | I3: =IF(H3>0,G3/H3/1000000,0) -> 5.5985644 | J3: AXI4-Stream 1152b @600 MHz | K3: 86.4 | L3: =IF(K3>0,I3/K3,0) -> 0.064798199
A4: 3 | B4: WT-mHCE | C4: WTB | D4: mHCE | E4: đọc | F4: W_φ · W′_φ | G4: =SUMIFS(Ops_Detail!L:L,Ops_Detail!D:D,"mHCE") -> 786432 | H4: =INDEX(FU_Summary!$L$2:$L$8,MATCH("mHCE",FU_Summary!$A$2:$A$8,0)) -> 0.14778646 | I4: =IF(H4>0,G4/H4/1000000,0) -> 5.3214077 | J4: AXI4-Stream 2304b @600 MHz | K4: 172.8 | L4: =IF(K4>0,I4/K4,0) -> 0.030795184 | M4: Weight nhỏ — dùng chung WT-bus
A5: 4 | B5: RA-ACU-R | C5: RAB | D5: ACU | E5: đọc | F5: X̂ (2 lượt: C, Z) | G5: =SUMIFS(Ops_Detail!H:H,Ops_Detail!D:D,"ACU",Ops_Detail!G:G,"RAB")+SUMIFS(Ops_Detail!J:J,Ops_Detail!D:D,"ACU",Ops_Detail!I:I,"RAB") -> 90112 | H5: =INDEX(FU_Summary!$L$2:$L$8,MATCH("ACU",FU_Summary!$A$2:$A$8,0)) -> 0.15030924 | I5: =IF(H5>0,G5/H5/1000000,0) -> 0.5995107 | J5: AXI4-Stream 1152b @600 MHz | K5: 86.4 | L5: =IF(K5>0,I5/K5,0) -> 0.0069387812
A6: 5 | B6: WT-ACU | C6: WTB | D6: ACU | E6: đọc | F6: W_KV · W_Z (a‖b) + B bias | G6: =SUMIFS(Ops_Detail!L:L,Ops_Detail!D:D,"ACU") -> 8396800 | H6: =INDEX(FU_Summary!$L$2:$L$8,MATCH("ACU",FU_Summary!$A$2:$A$8,0)) -> 0.15030924 | I6: =IF(H6>0,G6/H6/1000000,0) -> 55.863497 | J6: AXI4-Stream 2304b @600 MHz | K6: 172.8 | L6: =IF(K6>0,I6/K6,0) -> 0.32328412 | M6: Tile 4 MB double-buffer
A7: 6 | B7: PS-ACU | C7: ACU | D7: PSA | E7: ghi+đọc | F7: C, Z, S (trung gian nén) | G7: =SUMIFS(Ops_Detail!O:O,Ops_Detail!D:D,"ACU",Ops_Detail!N:N,"PSA")+SUMIFS(Ops_Detail!Q:Q,Ops_Detail!D:D,"ACU",Ops_Detail!P:P,"PSA")+SUMIFS(Ops_Detail!H:H,Ops_Detail!D:D,"ACU",Ops_Detail!G:G,"PSA") -> 67584 | H7: =INDEX(FU_Summary!$L$2:$L$8,MATCH("ACU",FU_Summary!$A$2:$A$8,0)) -> 0.15030924 | I7: =IF(H7>0,G7/H7/1000000,0) -> 0.44963302 | J7: BRAM local 1152b | K7: 86.4 | L7: =IF(K7>0,I7/K7,0) -> 0.0052040859 | M7: Scratch cục bộ trong ACU — không ra bus chung
A8: 7 | B8: KV-ACU-W | C8: ACU | D8: KVB | E8: ghi | F8: C^Comp (3,512) FP8 + SW (11,512) — norm-at-write | G8: =SUMIFS(Ops_Detail!O:O,Ops_Detail!D:D,"ACU",Ops_Detail!N:N,"KVB")+SUMIFS(Ops_Detail!Q:Q,Ops_Detail!D:D,"ACU",Ops_Detail!P:P,"KVB") -> 7168 | H8: =INDEX(FU_Summary!$L$2:$L$8,MATCH("ACU",FU_Summary!$A$2:$A$8,0)) -> 0.15030924 | I8: =IF(H8>0,G8/H8/1000000,0) -> 0.047688351 | J8: AXI4-Stream 2304b @600 MHz (port B) | K8: 172.8 | L8: =IF(K8>0,I8/K8,0) -> 0.00027597425 | M8: Song song append DDR qua mSGDMA-KV
A9: 8 | B9: RA-LIU-R | C9: RAB | D9: LIU | E9: đọc | F9: X̂ (K^I, w_h) · c_Q (q_I) | G9: =SUMIFS(Ops_Detail!H:H,Ops_Detail!D:D,"LIU",Ops_Detail!G:G,"RAB")+SUMIFS(Ops_Detail!J:J,Ops_Detail!D:D,"LIU",Ops_Detail!I:I,"RAB") -> 146432 | H9: =INDEX(FU_Summary!$L$2:$L$8,MATCH("LIU",FU_Summary!$A$2:$A$8,0)) -> 0.17865668 | I9: =IF(H9>0,G9/H9/1000000,0) -> 0.81962788 | J9: AXI4-Stream 1152b @600 MHz | K9: 86.4 | L9: =IF(K9>0,I9/K9,0) -> 0.0094864338
A10: 9 | B10: RA-LIU-W | C10: LIU | D10: RAB | E10: ghi | F10: c_Q (11,1024) FP8 | G10: =SUMIFS(Ops_Detail!O:O,Ops_Detail!D:D,"LIU",Ops_Detail!N:N,"RAB")+SUMIFS(Ops_Detail!Q:Q,Ops_Detail!D:D,"LIU",Ops_Detail!P:P,"RAB") -> 11264 | H10: =INDEX(FU_Summary!$L$2:$L$8,MATCH("LIU",FU_Summary!$A$2:$A$8,0)) -> 0.17865668 | I10: =IF(H10>0,G10/H10/1000000,0) -> 0.063048299 | J10: AXI4-Stream 1152b @600 MHz | K10: 86.4 | L10: =IF(K10>0,I10/K10,0) -> 0.00072972568 | M10: c_Q dùng chung cho QCAU + indexer
A11: 10 | B11: WT-LIU | C11: WTB | D11: LIU | E11: đọc | F11: W_DQ · W_KV,idx · W_UQ,idx+H · W_w | G11: =SUMIFS(Ops_Detail!L:L,Ops_Detail!D:D,"LIU") -> 9191424 | H11: =INDEX(FU_Summary!$L$2:$L$8,MATCH("LIU",FU_Summary!$A$2:$A$8,0)) -> 0.17865668 | I11: =IF(H11>0,G11/H11/1000000,0) -> 51.447412 | J11: AXI4-Stream 2304b @600 MHz | K11: 172.8 | L11: =IF(K11>0,I11/K11,0) -> 0.29772808 | M11: Hệ FP4 dequant inline
A12: 11 | B12: KV-LIU-W | C12: LIU | D12: KVB | E12: ghi | F12: K^IComp (3,128) BF16 | G12: =SUMIFS(Ops_Detail!O:O,Ops_Detail!D:D,"LIU",Ops_Detail!N:N,"KVB")+SUMIFS(Ops_Detail!Q:Q,Ops_Detail!D:D,"LIU",Ops_Detail!P:P,"KVB") -> 768 | H12: =INDEX(FU_Summary!$L$2:$L$8,MATCH("LIU",FU_Summary!$A$2:$A$8,0)) -> 0.17865668 | I12: =IF(H12>0,G12/H12/1000000,0) -> 0.0042987476 | J12: KV-bus port B | K12: 172.8 | L12: =IF(K12>0,I12/K12,0) -> 2.4877012e-05
A13: 12 | B13: KV-LIU-R | C13: KVB | D13: LIU | E13: đọc | F13: K^IComp lịch sử (④d) | G13: =SUMIFS(Ops_Detail!J:J,Ops_Detail!D:D,"LIU",Ops_Detail!I:I,"KVB") -> 768 | H13: =INDEX(FU_Summary!$L$2:$L$8,MATCH("LIU",FU_Summary!$A$2:$A$8,0)) -> 0.17865668 | I13: =IF(H13>0,G13/H13/1000000,0) -> 0.0042987476 | J13: KV-bus port A | K13: 172.8 | L13: =IF(K13>0,I13/K13,0) -> 2.4877012e-05
A14: 13 | B14: PS-LIU | C14: LIU | D14: PSA | E14: ghi+đọc | F14: q_I′ · w_h · raw_score′ · score · idx_top | G14: =SUMIFS(Ops_Detail!O:O,Ops_Detail!D:D,"LIU",Ops_Detail!N:N,"PSA")+SUMIFS(Ops_Detail!Q:Q,Ops_Detail!D:D,"LIU",Ops_Detail!P:P,"PSA")+SUMIFS(Ops_Detail!H:H,Ops_Detail!D:D,"LIU",Ops_Detail!G:G,"PSA") -> 195848 | H14: =INDEX(FU_Summary!$L$2:$L$8,MATCH("LIU",FU_Summary!$A$2:$A$8,0)) -> 0.17865668 | I14: =IF(H14>0,G14/H14/1000000,0) -> 1.0962254 | J14: AXI4-Stream 1152b @600 MHz | K14: 86.4 | L14: =IF(K14>0,I14/K14,0) -> 0.012687794
A15: 14 | B15: DESC-LIU | C15: LIU | D15: mSGDMA-KV | E15: ghi | F15: descriptor fetch KV 256b/desc | G15: 32 | H15: =INDEX(FU_Summary!$L$2:$L$8,MATCH("LIU",FU_Summary!$A$2:$A$8,0)) -> 0.17865668 | I15: =IF(H15>0,G15/H15/1000000,0) -> 0.00017911449 | J15: AXI4-Stream 256b @300 MHz | K15: 9.6 | L15: =IF(K15>0,I15/K15,0) -> 1.8657759e-05 | M15: Điều khiển, không phải dữ liệu
A16: 15 | B16: RA-QCAU-R | C16: RAB | D16: QCAU | E16: đọc | F16: c_Q (③b) · q (⑤b) | G16: =SUMIFS(Ops_Detail!H:H,Ops_Detail!D:D,"QCAU",Ops_Detail!G:G,"RAB")+SUMIFS(Ops_Detail!J:J,Ops_Detail!D:D,"QCAU",Ops_Detail!I:I,"RAB") -> 732160 | H16: =INDEX(FU_Summary!$L$2:$L$8,MATCH("QCAU",FU_Summary!$A$2:$A$8,0)) -> 0.51385433 | I16: =IF(H16>0,G16/H16/1000000,0) -> 1.4248396 | J16: AXI4-Stream 1152b @600 MHz | K16: 86.4 | L16: =IF(K16>0,I16/K16,0) -> 0.016491199
A17: 16 | B17: RA-QCAU-W | C17: QCAU | D17: RAB | E17: ghi | F17: q (③c) · o (⑤e) | G17: =SUMIFS(Ops_Detail!O:O,Ops_Detail!D:D,"QCAU",Ops_Detail!N:N,"RAB")+SUMIFS(Ops_Detail!Q:Q,Ops_Detail!D:D,"QCAU",Ops_Detail!P:P,"RAB") -> 1441792 | H17: =INDEX(FU_Summary!$L$2:$L$8,MATCH("QCAU",FU_Summary!$A$2:$A$8,0)) -> 0.51385433 | I17: =IF(H17>0,G17/H17/1000000,0) -> 2.805838 | J17: AXI4-Stream 1152b @600 MHz | K17: 86.4 | L17: =IF(K17>0,I17/K17,0) -> 0.032474976
A18: 17 | B18: WT-QCAU | C18: WTB | D18: QCAU | E18: đọc | F18: W_UQ 33,6 MB — lớn nhất nhánh attention | G18: =SUMIFS(Ops_Detail!L:L,Ops_Detail!D:D,"QCAU") -> 33554688 | H18: =INDEX(FU_Summary!$L$2:$L$8,MATCH("QCAU",FU_Summary!$A$2:$A$8,0)) -> 0.51385433 | I18: =IF(H18>0,G18/H18/1000000,0) -> 65.3 | J18: AXI4-Stream 2304b @600 MHz | K18: 172.8 | L18: =IF(K18>0,I18/K18,0) -> 0.37789352
A19: 18 | B19: KV-QCAU | C19: KVB | D19: QCAU | E19: đọc | F19: kv_topk + SW (⑤a,⑤b,⑤d) — entry dùng lại 64 head (MQA) | G19: =SUMIFS(Ops_Detail!H:H,Ops_Detail!D:D,"QCAU",Ops_Detail!G:G,"KVB")+SUMIFS(Ops_Detail!J:J,Ops_Detail!D:D,"QCAU",Ops_Detail!I:I,"KVB") -> 24192 | H19: =INDEX(FU_Summary!$L$2:$L$8,MATCH("QCAU",FU_Summary!$A$2:$A$8,0)) -> 0.51385433 | I19: =IF(H19>0,G19/H19/1000000,0) -> 0.04707949 | J19: KV-bus port A 2304b @600 MHz | K19: 172.8 | L19: =IF(K19>0,I19/K19,0) -> 0.00027245075 | M19: Băng thông thấp ở B=1; quyết định ở batch lớn/ctx dài
A20: 19 | B20: PS-QCAU | C20: QCAU | D20: PSA | E20: ghi+đọc | F20: q_raw · score_tile · m_run,ℓ · acc_V FP32 1,44 MB | G20: =SUMIFS(Ops_Detail!O:O,Ops_Detail!D:D,"QCAU",Ops_Detail!N:N,"PSA")+SUMIFS(Ops_Detail!Q:Q,Ops_Detail!D:D,"QCAU",Ops_Detail!P:P,"PSA")+SUMIFS(Ops_Detail!H:H,Ops_Detail!D:D,"QCAU",Ops_Detail!G:G,"PSA") -> 3674880 | H20: =INDEX(FU_Summary!$L$2:$L$8,MATCH("QCAU",FU_Summary!$A$2:$A$8,0)) -> 0.51385433 | I20: =IF(H20>0,G20/H20/1000000,0) -> 7.1515987 | J20: BRAM local (partial-sum) | K20: 86.4 | L20: =IF(K20>0,I20/K20,0) -> 0.082773133 | M20: acc_V giữ trong PSA suốt vòng tile — reset mỗi query
A21: 20 | B21: RA-GOPU-R | C21: RAB | D21: GOPU | E21: đọc | F21: o (11,32768) BF16 | G21: =SUMIFS(Ops_Detail!H:H,Ops_Detail!D:D,"GOPU",Ops_Detail!G:G,"RAB")+SUMIFS(Ops_Detail!J:J,Ops_Detail!D:D,"GOPU",Ops_Detail!I:I,"RAB") -> 720896 | H21: =INDEX(FU_Summary!$L$2:$L$8,MATCH("GOPU",FU_Summary!$A$2:$A$8,0)) -> 1.0277008 | I21: =IF(H21>0,G21/H21/1000000,0) -> 0.70146484 | J21: AXI4-Stream 1152b @600 MHz | K21: 86.4 | L21: =IF(K21>0,I21/K21,0) -> 0.0081188061
A22: 21 | B22: RA-GOPU-W | C22: GOPU | D22: RAB | E22: ghi | F22: out_attn (11,1,4096) BF16 | G22: =SUMIFS(Ops_Detail!O:O,Ops_Detail!D:D,"GOPU",Ops_Detail!N:N,"RAB")+SUMIFS(Ops_Detail!Q:Q,Ops_Detail!D:D,"GOPU",Ops_Detail!P:P,"RAB") -> 90112 | H22: =INDEX(FU_Summary!$L$2:$L$8,MATCH("GOPU",FU_Summary!$A$2:$A$8,0)) -> 1.0277008 | I22: =IF(H22>0,G22/H22/1000000,0) -> 0.087683105 | J22: AXI4-Stream 1152b @600 MHz | K22: 86.4 | L22: =IF(K22>0,I22/K22,0) -> 0.0010148508
A23: 22 | B23: WT-GOPU | C23: WTB | D23: GOPU | E23: đọc | F23: W_OG ×8 + W_O = 67,1 MB | G23: =SUMIFS(Ops_Detail!L:L,Ops_Detail!D:D,"GOPU") -> 67108864 | H23: =INDEX(FU_Summary!$L$2:$L$8,MATCH("GOPU",FU_Summary!$A$2:$A$8,0)) -> 1.0277008 | I23: =IF(H23>0,G23/H23/1000000,0) -> 65.3 | J23: AXI4-Stream 2304b @600 MHz | K23: 172.8 | L23: =IF(K23>0,I23/K23,0) -> 0.37789352
A24: 23 | B24: PS-GOPU | C24: GOPU | D24: PSA | E24: ghi+đọc | F24: o^G (11,8192) | G24: =SUMIFS(Ops_Detail!O:O,Ops_Detail!D:D,"GOPU",Ops_Detail!N:N,"PSA")+SUMIFS(Ops_Detail!Q:Q,Ops_Detail!D:D,"GOPU",Ops_Detail!P:P,"PSA")+SUMIFS(Ops_Detail!H:H,Ops_Detail!D:D,"GOPU",Ops_Detail!G:G,"PSA") -> 180224 | H24: =INDEX(FU_Summary!$L$2:$L$8,MATCH("GOPU",FU_Summary!$A$2:$A$8,0)) -> 1.0277008 | I24: =IF(H24>0,G24/H24/1000000,0) -> 0.17536621 | J24: BRAM local | K24: 86.4 | L24: =IF(K24>0,I24/K24,0) -> 0.0020297015
A25: 24 | B25: PS-MRU | C25: MRU | D25: PSA | E25: ghi | F25: S (11,6) + gate | G25: =SUMIFS(Ops_Detail!O:O,Ops_Detail!D:D,"MRU",Ops_Detail!N:N,"PSA")+SUMIFS(Ops_Detail!Q:Q,Ops_Detail!D:D,"MRU",Ops_Detail!P:P,"PSA") -> 200 | H25: 0.001 | I25: =IF(H25>0,G25/H25/1000000,0) -> 0.2 | J25: AXI4-Lite/Stream 128b | K25: 4.8 | L25: =IF(K25>0,I25/K25,0) -> 0.041666667 | M25: Điều khiển routing — Ctrl gom token expert-major
A26: 25 | B26: RA-ECA-R | C26: RAB | D26: ECA | E26: đọc | F26: x̂′ ×(6+1) lượt · h | G26: =SUMIFS(Ops_Detail!H:H,Ops_Detail!D:D,"ECA",Ops_Detail!G:G,"RAB")+SUMIFS(Ops_Detail!J:J,Ops_Detail!D:D,"ECA",Ops_Detail!I:I,"RAB") -> 946176 | H26: =INDEX(FU_Summary!$L$2:$L$8,MATCH("ECA",FU_Summary!$A$2:$A$8,0)) -> 1.3488573 | I26: =IF(H26>0,G26/H26/1000000,0) -> 0.70146484 | J26: AXI4-Stream 1152b @600 MHz ×4 SLR | K26: 345.6 | L26: =IF(K26>0,I26/K26,0) -> 0.0020297015 | M26: Broadcast 4 sub-array
A27: 26 | B27: RA-ECA-W | C27: ECA | D27: RAB | E27: ghi | F27: h · out_moe | G27: =SUMIFS(Ops_Detail!O:O,Ops_Detail!D:D,"ECA",Ops_Detail!N:N,"RAB")+SUMIFS(Ops_Detail!Q:Q,Ops_Detail!D:D,"ECA",Ops_Detail!P:P,"RAB") -> 405504 | H27: =INDEX(FU_Summary!$L$2:$L$8,MATCH("ECA",FU_Summary!$A$2:$A$8,0)) -> 1.3488573 | I27: =IF(H27>0,G27/H27/1000000,0) -> 0.30062779 | J27: AXI4-Stream 1152b @600 MHz | K27: 86.4 | L27: =IF(K27>0,I27/K27,0) -> 0.0034794883
A28: 27 | B28: WT-ECA | C28: WTB | D28: ECA | E28: đọc | F28: W_G·W_V·W_down ×(6+1) expert FP4 = 88,2 MB | G28: =SUMIFS(Ops_Detail!L:L,Ops_Detail!D:D,"ECA") -> 88080384 | H28: =INDEX(FU_Summary!$L$2:$L$8,MATCH("ECA",FU_Summary!$A$2:$A$8,0)) -> 1.3488573 | I28: =IF(H28>0,G28/H28/1000000,0) -> 65.3 | J28: AXI4-Stream 2304b @600 MHz ×4 SLR | K28: 691.2 | L28: =IF(K28>0,I28/K28,0) -> 0.09447338 | M28: Dequant FP4→INT8 inline; đường găng là DDR chứ không phải bus
A29: 28 | B29: PS-ECA | C29: ECA | D29: PSA | E29: ghi+đọc | F29: x_gate · x_up · y_e · S,gate | G29: =SUMIFS(Ops_Detail!O:O,Ops_Detail!D:D,"ECA",Ops_Detail!N:N,"PSA")+SUMIFS(Ops_Detail!Q:Q,Ops_Detail!D:D,"ECA",Ops_Detail!P:P,"PSA")+SUMIFS(Ops_Detail!H:H,Ops_Detail!D:D,"ECA",Ops_Detail!G:G,"PSA") -> 2523336 | H29: =INDEX(FU_Summary!$L$2:$L$8,MATCH("ECA",FU_Summary!$A$2:$A$8,0)) -> 1.3488573 | I29: =IF(H29>0,G29/H29/1000000,0) -> 1.8707212 | J29: BRAM local | K29: 86.4 | L29: =IF(K29>0,I29/K29,0) -> 0.021651866
A30: 29 | B30: DDR-WTB | C30: DDR4 | D30: WTB | E30: đọc | F30: toàn bộ weight layer (EWD prefetch +1 op) | G30: =SUMIFS(Ops_Detail!L:L,Ops_Detail!D:D,"mSGDMA-WT") -> 207118592 | H30: 3.4 | I30: =IF(H30>0,G30/H30/1000000,0) -> 60.917233 | J30: m_axi 512b @300 MHz ×4 kênh (MIG) | K30: 65.3 | L30: =IF(K30>0,I30/K30,0) -> 0.93288259 | M30: Chạy liên tục cả layer — ĐƯỜNG GĂNG
A31: 30 | B31: KV-DDR-W | C31: KVB | D31: DDR4 | E31: ghi | F31: append C^Comp + K^IComp | G31: =SUMIFS(Ops_Detail!O:O,Ops_Detail!D:D,"ACU",Ops_Detail!N:N,"KVB")*0+2304 -> 2304 | H31: 3.4 | I31: =IF(H31>0,G31/H31/1000000,0) -> 0.00067764706 | J31: m_axi 512b @300 MHz (kênh KV) | K31: 19.2 | L31: =IF(K31>0,I31/K31,0) -> 3.5294118e-05 | M31: 2,3 KB/layer — không đáng kể
A32: 31 | B32: DDR-KVB | C32: DDR4 | D32: KVB | E32: đọc | F32: gather kv_topk theo descriptor (mSGDMA-KV) | G32: =SUMIFS(Ops_Detail!J:J,Ops_Detail!D:D,"mSGDMA-KV",Ops_Detail!I:I,"DDR4") -> 6912 | H32: 0.05 | I32: =IF(H32>0,G32/H32/1000000,0) -> 0.13824 | J32: m_axi 512b @300 MHz scatter-gather | K32: 19.2 | L32: =IF(K32>0,I32/K32,0) -> 0.0072 | M32: Rời rạc — độ trễ quan trọng hơn băng thông
A34: BW yêu cầu = Bytes/layer ÷ cửa sổ FU (trung bình trong cửa sổ — đỉnh tức thời cao hơn, xem waveform). Util = BW yêu cầu ÷ BW port. Cửa sổ ô xanh = gán tay (DMA chạy suốt layer ≈ 3,4 ms).

Sheet Buffers
A1: Buffer | B1: Công nghệ · dung lượng đề xuất | C1: FU ghi (writers) | D1: FU đọc (readers) | E1: Bytes ghi /layer | F1: Bytes đọc /layer | G1: Số port cần (từ waveform) | H1: Đề xuất interface & tổ chức bank
A2: RAB | B2: URAM · ≥2,5 MB (X 360 KB ×2 slot + q 721 + o 721 + act nhỏ) | C2: mHCE · LIU (c_Q) · QCAU (q,o) · GOPU (out_attn) · ECA (h,out_moe) | D2: mHCE · ACU · LIU · QCAU · GOPU · ECA | E2: =SUMIFS(Ops_Detail!O:O,Ops_Detail!N:N,"RAB")+SUMIFS(Ops_Detail!Q:Q,Ops_Detail!P:P,"RAB") -> 2776064 | F2: =SUMIFS(Ops_Detail!H:H,Ops_Detail!G:G,"RAB")+SUMIFS(Ops_Detail!J:J,Ops_Detail!I:I,"RAB") -> 4290560 | G2: 2R + 1W đồng thời (ví dụ T05: ACU+LIU cùng đọc X̂; QCAU ghi q khi LIU đọc c_Q) | H2: 64 bank width-slice, port A đọc 4.608b beat, port B ghi 1152b; AGU broadcast 1 địa chỉ → 64 bank; arbiter round-robin cho 6 master
A3: WTB | B3: BRAM/URAM · 8 MB (2 × tile 4 MB ping-pong) | C3: mSGDMA-WT (DDR4) | D3: mHCE · ACU · LIU · QCAU · GOPU · ECA | E3: =SUMIFS(Interfaces!G:G,Interfaces!D:D,"WTB") -> 207118592 | F3: =SUMIFS(Interfaces!G:G,Interfaces!C:C,"WTB") -> 207118592 | G3: 1W (DMA ghi bank B) + 1R (FU đọc bank A) — ping-pong | H3: WT-bus 2304b @600 MHz/SLR; dequant FP4→INT8 LUT inline sau port đọc; load tile 4 MB = 61 µs ≈ compute tile → FU không chờ
A4: KVB | B4: URAM · ~1 MB (KV nóng: top-k + SW + entry mới; phần bền vững ở DDR4) | C4: ACU (C^Comp+SW) · LIU (K^IComp) · mSGDMA-KV (kv_topk) | D4: LIU (K^I lịch sử) · QCAU (kv_topk+SW) | E4: =SUMIFS(Ops_Detail!O:O,Ops_Detail!N:N,"KVB")+SUMIFS(Ops_Detail!Q:Q,Ops_Detail!P:P,"KVB") -> 22912 | F4: =SUMIFS(Ops_Detail!H:H,Ops_Detail!G:G,"KVB")+SUMIFS(Ops_Detail!J:J,Ops_Detail!I:I,"KVB") -> 24960 | G4: port A: cấp K,V cho QCAU/LIU · port B: ACU/LIU ghi + DMA nạp — 2 port độc lập | H4: KV-bus 2304b @600 MHz; norm-at-write (entry đã RMSNorm khi ghi); entry 576 B thẳng hàng; append DDR qua mSGDMA-KV 19,2 GB/s
A5: PSA | B5: BRAM · ~3 MB (acc_V FP32 1,44 MB + y_e 0,63 + x_gate/x_up 0,63 + score/idx) | C5: ACU (C,Z,S) · LIU (q_I′,w_h,score,idx) · QCAU (q_raw,score_tile,m,ℓ,acc_V) · MRU (S,gate) · GOPU (o^G) · ECA (x_gate,x_up,y_e) | D5: ACU · LIU · QCAU · GOPU · ECA | E5: =SUMIFS(Ops_Detail!O:O,Ops_Detail!N:N,"PSA")+SUMIFS(Ops_Detail!Q:Q,Ops_Detail!P:P,"PSA") -> 3311246 | F5: =SUMIFS(Ops_Detail!H:H,Ops_Detail!G:G,"PSA")+SUMIFS(Ops_Detail!J:J,Ops_Detail!I:I,"PSA") -> 3330958 | G5: cục bộ theo FU (mỗi FU 1 phân vùng riêng) + 2 đường chéo: MRU→ECA (gate), ACU→LIU (S nếu dùng chung lưới m=4) | H5: Phân vùng tĩnh theo FU tránh arbiter; chỉ gate/route đi PS-bus 1152b; acc_V dải FP32 4.608b nội bộ QCAU
A6: DDR4 | B6: 4 kênh ×16 GB = 64 GB (weight 16 layer + KV cache + embed) | C6: mSGDMA-KV (append C^Comp, K^I) | D6: mSGDMA-WT (weight) · mSGDMA-KV (gather) | E6: =SUMIFS(Ops_Detail!O:O,Ops_Detail!N:N,"DDR4")+SUMIFS(Ops_Detail!Q:Q,Ops_Detail!P:P,"DDR4") -> 0 | F6: =SUMIFS(Interfaces!G:G,Interfaces!C:C,"DDR4") -> 207125504 | G6: 4 × m_axi 512b @300 MHz (MIG) — stripe tile 1 MB/kênh | H6: 65,3 GB/s hiệu dụng; kênh dành riêng KV 19,2 GB/s; EWD descriptor prefetch weight op kế; ĐƯỜNG GĂNG chu kỳ layer = Σweight ÷ 65,3 GB/s
A7: REG | B7: Register file trong FU (không ra bus) | C7: mHCE (A,B,C · A′,B′,C′) · MRU (TokenID) | D7: mHCE (mix ⑦/⑩) | E7: "—" | F7: "—" | G7: — | H7: Hệ số mHC (1,4)(4,4)(4,1) FP32 = 96 B/bộ sống trong mHCE từ ①→⑦ và ⑧→⑩ — KHÔNG được ghi đè giữa chừng (2 bộ riêng)
A9: Bytes ghi/đọc lấy trực tiếp từ Ops_Detail (SUMIFS theo cột buffer); riêng WTB/DDR4 lấy từ Interfaces. Dung lượng đề xuất (ô xanh) = tổng tồn trú lớn nhất cùng thời điểm, suy từ waveform thực thể.
